UserID,Fname,Name,DOB,Age,Photo,Gender,Password,Email,Phone Number,GenderPreference,Age_Range,DistanceRange,RelationshipType,language,interest,Description,HobbyID,Hobby,Hobby_Description
1,Emma,Smith,1988-09-20,36,/photos/emma.jpg,Female,9skT#Kp@,emma.smith123@gmail.com,1234567891,Male,30-40,15 miles,Serious,English,Cooking,Culinary arts,1,Hiking,Outdoor adventures
2,Michael,Johnson,1985-03-12,39,/photos/michael.jpg,Male,7PwF@L3q,michael.johnson456@gmail.com,1234567892,Female,35-45,20 miles,Casual,Spanish,Traveling,Exploring new cultures,2,Photography,Capturing moments
3,Sarah,Brown,1992-07-08,32,/photos/sarah.jpg,Female,X6m#nZ9&,sarah.brown789@outlook.com,1234567893,Male,25-35,10 miles,Serious,French,Reading,Book club enthusiast,3,Cycling,Adventure biking
4,David,Miller,1980-11-25,44,/photos/david.jpg,Male,2D$y8@Eh,david.miller234@outlook.com,1234567894,Female,40-50,25 miles,Serious,German,Music,Playing guitar,4,Swimming,Water sports enthusiast
5,Emily,Anderson,1995-02-14,29,/photos/emily.jpg,Female,P@wS9xY3,emily.anderson567@gmail.com,1234567895,Male,25-35,15 miles,Casual,Italian,Movies,Movie buff,5,Running,Marathon training
6,Matthew,Williams,1983-06-30,41,/photos/matthew.jpg,Male,M8yU@H5e,matthew.williams890@outlook.com,1234567896,Female,35-45,20 miles,Serious,Chinese,Photography,Capturing moments,6,Reading,Bookworm
7,Alexandra,Jones,1990-12-05,34,/photos/alexandra.jpg,Female,KtN$8#Zp,alexandra.jones1234@gmail.com,1234567897,Male,30-40,10 miles,Casual,Japanese,Art,Drawing and painting,7,Painting,Canvas artist
8,James,Brown,1987-04-18,37,/photos/james.jpg,Male,T4rQ#Y9p,james.brown4567@outlook.com,1234567898,Female,30-40,15 miles,Serious,Korean,Dancing,Ballroom dancing,8,Traveling,World explorer
9,Olivia,Davis,1998-08-23,26,/photos/olivia.jpg,Female,N2s$Q8rT,olivia.davis890@outlook.com,1234567899,Male,25-35,20 miles,Casual,Russian,Sports,Tennis enthusiast,9,Cooking,Culinary delights
10,Daniel,Wilson,1989-01-30,33,/photos/daniel.jpg,Male,DzK@4n7t,daniel.wilson123@gmail.com,1234567900,Female,30-40,10 miles,Serious,Portuguese,Technology,Tech geek,10,Traveling,Adventurer
